{"cameraMode":{"drawMode":0,"name":"Shaded","section":"Shading Mode"},"sceneLighting":true,"audioPlay":false,"sceneViewState":{"showFog":true,"showMaterialUpdate":false,"showSkybox":true,"showFlares":true,"showImageEffects":true,"showParticleSystems":true},"in2DMode":false,"pivot":{"x":292.93646240234377,"y":-39.10676574707031,"z":291.4280090332031},"rotation":{"x":-0.137136772274971,"y":0.8626553416252136,"z":-0.3339073061943054,"w":-0.35429543256759646},"size":421.6861267089844,"orthographic":false}